warehouse_id,capacity,x,y
W1,1045,71.91648388447706,45.11027518016419
W2,1740,78.6878335929106,65.7894423247491
W3,514,17.534187831011963,88.04978813094047
W4,1845,70.89117615922824,72.8851444221563
W5,1314,20.24909061404367,46.03087503164537
